region,pol_sta,social_group,mil,gini,uem
The West,0.9201979166666666,2.213890931372549,3.417353356776118,31.789532710280376,16.220575757575755
Eastern Europe,0.043205580029368466,1.3645606820461387,6.1777770369521345,31.79164835164835,21.415923809523807
Latin America,-0.18023666666666668,0.5751364705882354,5.408261745682765,49.06737588652482,16.003985454545454
Asia,-0.24799850523168906,0.6270472689075631,9.578062148725046,36.600523560209425,9.41297643097643
Africa,-0.5678135738831617,0.9154579439252342,8.079990898923628,43.54351851851852,16.178778772378514
Middle East,-0.7277453027139873,0.10552292263610337,14.662012356503185,37.01894736842105,21.568323483670298
